{"data_time": 0.0102745030017104, "eta_seconds": 6909.3539681111, "fast_rcnn/cls_accuracy": 0.009521484375, "fast_rcnn/false_negative": 0.01117056856187291, "fast_rcnn/fg_cls_accuracy": 0.0327910447761194, "iteration": 19, "loss_box_reg": 0.5645158886909485, "loss_cls": 2.5191248655319214, "loss_mask": 0.694245845079422, "loss_rpn_cls": 0.2343107983469963, "loss_rpn_loc": 0.09420625120401382, "lr": 1.918176e-05, "mask_rcnn/accuracy": 0.4475782809562571, "mask_rcnn/false_negative": 0.4020159084671381, "mask_rcnn/false_positive": 0.5549120398985665, "rank_data_time": 0.0102745030017104, "roi_head/num_bg_samples": 437.125, "roi_head/num_fg_samples": 74.875, "rpn/num_neg_anchors": 224.0, "rpn/num_pos_anchors": 32.0, "time": 0.5449017325008754, "total_loss": 4.173223413527012}
{"data_time": 0.010078387014800683, "fast_rcnn/cls_accuracy": 0.009521484375, "fast_rcnn/false_negative": 0.012423438630335182, "fast_rcnn/fg_cls_accuracy": 0.0314320987654321, "iteration": 20, "loss_box_reg": 0.5699175298213959, "loss_cls": 2.5118515491485596, "loss_mask": 0.694245845079422, "loss_rpn_cls": 0.2428802102804184, "loss_rpn_loc": 0.10019589960575104, "lr": 2.01408e-05, "mask_rcnn/accuracy": 0.4475782809562571, "mask_rcnn/false_negative": 0.4020159084671381, "mask_rcnn/false_positive": 0.5549120398985665, "rank_data_time": 0.010078387014800683, "roi_head/num_bg_samples": 434.625, "roi_head/num_fg_samples": 77.375, "rpn/num_neg_anchors": 223.75, "rpn/num_pos_anchors": 32.25, "time": 0.5505541730090044, "total_loss": 4.173223413527012}
{"eta_seconds": 6979.925805408158, "iteration": 21}
